{
  "setting": {},
  "condition": {
    "plugin": {
      "list": []
    },
    "game": {
      "list": []
    },
    "gamePlugin": {
      "list": []
    },
    "miniprogram": {
      "list": [
        {
          "id": -1,
          "name": "db guide",
          "pathName": "pages/databaseGuide/databaseGuide",
          "query": ""
        },
        {
          "name": "pages/getOpenId/index",
          "pathName": "pages/getOpenId/index",
          "query": "",
          "scene": null
        },
        {
          "name": "pages/deployService/index",
          "pathName": "pages/deployService/index",
          "query": "",
          "scene": null
        },
        {
          "name": "pages/selectRecord/index",
          "pathName": "pages/selectRecord/index",
          "query": "",
          "scene": null
        },
        {
          "name": "pages/sumRecordResult/index",
          "pathName": "pages/sumRecordResult/index",
          "query": "",
          "scene": null
        },
        {
          "name": "pages/updateRecord/index",
          "pathName": "pages/updateRecord/index",
          "query": "",
          "scene": null
        },
        {
          "name": "pages/updateRecordResult/index",
          "pathName": "pages/updateRecordResult/index",
          "query": "",
          "scene": null
        },
        {
          "name": "pages/updateRecordSuccess/index",
          "pathName": "pages/updateRecordSuccess/index",
          "query": "",
          "scene": null
        },
        {
          "name": "pages/index/index",
          "pathName": "pages/index/index",
          "query": "",
          "scene": null
        },
        {
          "name": "pages/updateInformation/updataCall/updataCall",
          "pathName": "pages/updateInformation/updataCall/updataCall",
          "query": "",
          "scene": null
        },
        {
          "name": "pages/thingList/thingList",
          "pathName": "pages/thingList/thingList",
          "query": "",
          "scene": null
        },
        {
          "name": "pages/share/share",
          "pathName": "pages/share/share",
          "query": "",
          "scene": null
        },
        {
          "name": "pages/hall/loseContent/loseContent",
          "pathName": "pages/hall/loseContent/loseContent",
          "query": "",
          "scene": null
        },
        {
          "name": "pages/message/message",
          "pathName": "pages/message/message",
          "query": "",
          "scene": null
        },
        {
          "name": "pages/help/help",
          "pathName": "pages/help/help",
          "query": "",
          "scene": null
        },
        {
          "name": "pages/index/index",
          "pathName": "pages/index/index",
          "query": "",
          "scene": null
        },
        {
          "name": "pages/updateInformation/updateInformation",
          "pathName": "pages/updateInformation/updateInformation",
          "query": "",
          "scene": null
        },
        {
          "name": "pages/release/release",
          "pathName": "pages/release/release",
          "query": "",
          "scene": null
        },
        {
          "name": "pages/hall/hall",
          "pathName": "pages/hall/hall",
          "query": "",
          "scene": null
        }
      ]
    }
  }
}